position,WT_AA,block1,block2,block3,block4,block5,domains_Pfam,KD_lobe,secondary_structure_uniprot,"secondary_structure_KD_refs1,2",ActivationLoop_inactive_structure_2SRC,ActivationLoop_active_structure_3DQW,R-spine,C-spine,other important sites,important contacts,regulatory_surfaces_Ahler2019,ActiveSite_ProSite,smallMolecule_ion_substrate_binding,Community,Core,Surface,PTMs,PhosphositeplusPTM_lowthr_hithr_papersSupporting,known_mutations,cdd_AS
1,M,,,,,,"disorder, removed post-translationally",,,,,,,,,,,,,,,,removed,,,
2,G,,,,,,"disorder, SH4",,,,,,,,,,,,,,,,N-myristoylation,,,
3,S,,,,,,"disorder, SH4",,,,,,,,,,,,,,,,,,,
4,N,,,,,,"disorder, SH4",,,,,,,,,,,,,,,,,,,
5,K,,,,,,"disorder, SH4",,,,,,,,,,,,,,,,,,,
6,S,,,,,,"disorder, SH4",,,,,,,,,,,,,,,,,,,
7,K,,,,,,"disorder, SH4",,,,,,,,,,,,,,,,,,,
8,P,,,,,,"disorder, SH4",,,,,,,,,,,,,,,,,,,
9,K,,,,,,"disorder, SH4",,,,,,,,,,,,,,,,,,,
10,D,,,,,,"disorder, SH4",,,,,,,,,,,,,,,,,,,
11,A,,,,,,"disorder, SH4",,,,,,,,,,,,,,,,,,,
12,S,,,,,,"disorder, SH4",,,,,,,,,,,,,,,,,P_5_2,,
13,Q,,,,,,"disorder, SH4",,,,,,,,,,,,,,,,,,,
14,R,,,,,,"disorder, SH4",,,,,,,,,,,,,,,,,,,
15,R,,,,,,"disorder, SH4",,,,,,,,,,,,,,,,,,,
16,R,,,,,,"disorder, SH4",,,,,,,,,,,,,,,,,,,
17,S,,,,,,"disorder, UD",,,,,,,,,,,,,,,,P,P_10_58,,
18,L,,,,,,"disorder, UD",,,,,,,,,,,,,,,,,,,
19,E,,,,,,"disorder, UD",,,,,,,,,,,,,,,,,,,
20,P,,,,,,"disorder, UD",,,,,,,,,,,,,,,,,,,
21,A,,,,,,"disorder, UD",,,,,,,,,,,,,,,,,,,
22,E,,,,,,"disorder, UD",,,,,,,,,,,,,,,,,,,
23,N,,,,,,"disorder, UD",,,,,,,,,,,,,,,,,,,
24,V,,,,,,"disorder, UD",,,,,,,,,,,,,,,,,,,
25,H,,,,,,"disorder, UD",,,,,,,,,,,,,,,,,,,
26,G,,,,,,"disorder, UD",,,,,,,,,,,,,,,,,,,
27,A,,,,,,"disorder, UD",,,,,,,,,,,,,,,,,,,
28,G,,,,,,"disorder, UD",,,,,,,,,,,,,,,,,,,
29,G,,,,,,"disorder, UD",,,,,,,,,,,,,,,,,,,
30,G,,,,,,"disorder, UD",,,,,,,,,,,,,,,,,,,
31,A,,,,,,"disorder, UD",,,,,,,,,,,,,,,,,,,
32,F,,,,,,"disorder, UD",,,,,,,,,,,,,,,,,,,
33,P,,,,,,"disorder, UD",,,,,,,,,,,,,,,,,,,
34,A,,,,,,"disorder, UD",,,,,,,,,,,,,,,,,,,
35,S,,,,,,"disorder, UD",,,,,,,,,,,,,,,,,P_1_2,,
36,Q,,,,,,"disorder, UD",,,,,,,,,,,,,,,,,,,
37,T,,,,,,"disorder, UD",,,,,,,,,,,,,,,,,P_3_1,,
38,P,,,,,,"disorder, UD",,,,,,,,,,,,,,,,,,,
39,S,,,,,,"disorder, UD",,,,,,,,,,,,,,,,,P_1_1,,
40,K,,,,,,"disorder, UD",,,,,,,,,,,,,,,,,,,
41,P,,,,,,"disorder, UD",,,,,,,,,,,,,,,,,,,
42,A,,,,,,"disorder, UD",,,,,,,,,,,,,,,,,,,
43,S,,,,,,"disorder, UD",,,,,,,,,,,,,,,,,P_2_1,,
44,A,,,,,,"disorder, UD",,,,,,,,,,,,,,,,,,,
45,D,,,,,,"disorder, UD",,,,,,,,,,,,,,,,,caspaseCleavageSite_0_1,,
46,G,,,,,,"disorder, UD",,,,,,,,,,,,,,,,,,,
47,H,,,,,,"disorder, UD",,,,,,,,,,,,,,,,,,,
48,R,,,,,,"disorder, UD",,,,,,,,,,,,,,,,,,,
49,G,,,,,,"disorder, UD",,,,,,,,,,,,,,,,,,,
50,P,,,,,,"disorder, UD",,,,,,,,,,,,,,,,,,,
51,S,,,,,,"disorder, UD",,,,,,,,,,,,,,,,,P_3_2,,
52,A,,,,,,"disorder, UD",,,,,,,,,,,,,,,,,,,
53,A,,,,,,"disorder, UD",,,,,,,,,,,,,,,,,,,
54,F,,,,,,"disorder, UD",,,,,,,,,,,,,,,,,,,
55,A,,,,,,"disorder, UD",,,,,,,,,,,,,,,,,,,
56,P,,,,,,"disorder, UD",,,,,,,,,,,,,,,,,,,
57,A,,,,,,"disorder, UD",,,,,,,,,,,,,,,,,,,
58,A,,,,,,"disorder, UD",,,,,,,,,,,,,,,,,,,
59,A,,,,,,"disorder, UD",,,,,,,,,,,,,,,,,,,
60,E,,,,,,"disorder, UD",,,,,,,,,,,,,,,,,,,
61,P,,,,,,"disorder, UD",,,,,,,,,,,,,,,,,,,
62,K,,,,,,"disorder, UD",,,,,,,,,,,,,,,,,ac_0_1,,
63,L,,,,,,"disorder, UD",,,,,,,,,,,,,,,,,,,
64,F,,,,,,"disorder, UD",,,,,,,,,,,,,,,,,,,
65,G,,,,,,"disorder, UD",,,,,,,,,,,,,,,,,,,
66,G,,,,,,"disorder, UD",,,,,,,,,,,,,,,,,,,
67,F,,,,,,"disorder, UD",,,,,,,,,,,,,,,,,,,
68,N,,,,,,"disorder, UD",,,,,,,,,,,,,,,,,,,
69,S,,,,,,"disorder, UD",,,,,,,,,,,,,,,,,P_0_4,,
70,S,,,,,,"disorder, UD",,,,,,,,,,,,,,,,,P_1_2,,
71,D,,,,,,"disorder, UD",,,,,,,,,,,,,,,,,P_0_2,,
72,T,,,,,,"disorder, UD",,,,,,,,,,,,,,,,,,,
73,V,,,,,,"disorder, UD",,,,,,,,,,,,,,,,,P_0_2,,
74,T,,,,,,"disorder, UD",,,,,,,,,,,,,,,,,,,
75,S,,,,,,"disorder, UD",,,,,,,,,,,,,,,,P,P_8_27,,
76,P,,,,,,"disorder, UD",,,,,,,,,,,,,,,,,,,
77,Q,,,,,,"disorder, UD",,,,,,,,,,,,,,,,,,,
78,R,,,,,,"disorder, UD",,,,,,,,,,,,,,,,,,,
79,A,,,,,,"disorder, UD",,,,,,,,,,,,,,,,,,,
80,G,,,,,,"disorder, UD",,,,,,,,,,,,,,,,,,,
81,P,,,,,,"disorder, UD",,,,,,,,,,,,,,,,,,,
82,L,,,,,,"disorder, UD",,,,,,,,,,,,,,,,,,,
83,A,,,,,,"disorder, UD",,,,,,,,,,,,,,,,,,,
84,G,,,,,,"disorder, UD",,,,,,,,,,,,,,,,,,,
85,G,,,,,,"disorder, UD",,,,,,,,,,,,,,,,,,,
86,V,,,,,,"disorder, UD",,,,,,,,,,,,,,,,,,,
87,T,,,,,,,,beta strand,,,,,,,,,,,,,,,,,
88,T,,,,,,,,beta strand,,,,,,,,,,,,,,,,,
89,F,,,,,,,,beta strand,,,,,,,,,,,,,,,,,
90,V,,,,,,SH3,,beta strand,,,,,,,,,,,,,,,,,
91,A,,,,,,SH3,,beta strand,,,,,,,,,,,,,,,,,
92,L,,,,,,SH3,,beta strand,,,,,,,,,,,,,,,,,
93,Y,,,,,,SH3,,beta strand,,,,,,,,,,,,,,,P_0_2,,
94,D,,,,,,SH3,,,,,,,,,,,,,,,,,,,
95,Y,,,,,,SH3,,,,,,,,,,,,,,,,,,,
96,E,,,,,,SH3,,,,,,,,,,,,,,,,,,,
97,S,,,,,,SH3,,,,,,,,,,,,,,,,,P_1_0,,
98,R,,,,,,SH3,,,,,,,,,,,,,,,,,,,
99,T,,,,,,SH3,,beta strand,,,,,,,,,,,,,,,,,
100,E,,,,,,SH3,,beta strand,,,,,,,,,,,,,,,,,
101,T,,,,,,SH3,,beta strand,,,,,,,,,,,,,,,,,
102,D,,,,,,SH3,,beta strand,,,,,,,,,,,,,,,,,
103,L,,,,,,SH3,,,,,,,,,,,,,,,,,,,
104,S,,,,,,SH3,,,,,,,,,,,,,,,,,P_1_5,,
105,F,,,,,,SH3,,,,,,,,,,,,,,,,,,,
106,K,,,,,,SH3,,,,,,,,,,,,,,,,,,,
107,K,,,,,,SH3,,,,,,,,,,,,,,,,,,,
108,G,,,,,,SH3,,,,,,,,,,,,,,,,,,,
109,E,,,,,,SH3,,,,,,,,,,,,,,,,,,,
110,R,,,,,,SH3,,beta strand,,,,,,,,,,,,,,,,,
111,L,,,,,,SH3,,beta strand,,,,,,,,,,,,,,,,,
112,Q,,,,,,SH3,,beta strand,,,,,,,,,,,,,,,,,
113,I,,,,,,SH3,,beta strand,,,,,,,,,,,,,,,,,
114,V,,,,,,SH3,,beta strand,,,,,,,,,,,,,,,,,
115,N,,,,,,SH3,,,,,,,,,,,,,,,,,,,
116,N,,,,,,SH3,,,,,,,,,,,,,,,,,,,
117,T,,,,,,SH3,,,,,,,,,,,,,,,,,,,
118,E,,,,,,SH3,,beta strand,,,,,,,,,,,,,,,,,
119,G,,,,,,SH3,,beta strand,,,,,,,,,,,,,,,,,
120,D,,,,,,SH3,,beta strand,,,,,,,,,,,,,,,,,
121,W,,,,,,SH3,,beta strand,,,,,,,,,,,,,,,,,
122,W,,,,,,SH3,,beta strand,,,,,,,,,,,,,,,,,
123,L,,,,,,SH3,,beta strand,,,,,,,,,,,,,,,,,
124,A,,,,,,SH3,,beta strand,,,,,,,,,,,,,,,,,
125,H,,,,,,SH3,,beta strand,,,,,,,,,,,,,,,,,
126,S,,,,,,SH3,,beta strand,,,,,,,,,,,,,,,,,
127,L,,,,,,SH3,,turn,,,,,,,,,,,,,,,,,
128,S,,,,,,SH3,,turn,,,,,,,,,,,,,,,,,
129,T,,,,,,SH3,,turn,,,,,,,,,,,,,,,,,
130,G,,,,,,SH3,,,,,,,,,,,,,,,,,,,
131,Q,,,,,,SH3,,,,,,,,,,,,,,,,,,,
132,T,,,,,,SH3,,beta strand,,,,,,,,,,,,,,,,,
133,G,,,,,,SH3,,beta strand,,,,,,,,,,,,,,,,,
134,Y,,,,,,SH3,,beta strand,,,,,,,,,,,,,,,,,
135,I,,,,,,SH3,,beta strand,,,,,,,,,,,,,,,,,
136,P,,,,,,SH3,,beta strand,,,,,,,,,,,,,,,,,
137,S,,,,,,SH3,,helix,,,,,,,,,,,,,,,,,
138,N,,,,,,SH3,,helix,,,,,,,,,,,,,,,,,
139,Y,,,,,,SH3,,helix,,,,,,,,,,,,,,,,,
140,V,,,,,,SH3,,beta strand,,,,,,,,,,,,,,,,,
141,A,,,,,,SH3,,beta strand,,,,,,,,,,,,,,,,,
142,P,,,,,,SH3,,beta strand,,,,,,,,,,,,,,,,,
143,S,,,,,,SH3,,,,,,,,,,,,,,,,,,,
144,D,,,,,,SH3,,,,,,,,,,,,,,,,,,,
145,S,,,,,,SH3,,,,,,,,,,,,,,,,,,,
146,I,,,,,,,,helix,,,,,,,,,,,,,,,,,
147,Q,,,,,,,,helix,,,,,,,,,,,,,,,,,
148,A,,,,,,,,helix,,,,,,,,,,,,,,,,,
149,E,,,,,,SH2,,,,,,,,,,,,,,,,,,,
150,E,,,,,,SH2,,,,,,,,,,,,,,,,,,,
151,W,,,,,,SH2,,,,,,,,,,,,,,,,,,,
152,Y,,,,,,SH2,,beta strand,,,,,,,,,,,,,,,,,
153,F,,,,,,SH2,,beta strand,,,,,,,,,,,,,,,,,
154,G,,,,,,SH2,,beta strand,,,,,,,,,,,,,,,,,
155,K,,,,,,SH2,,,,,,,,,,,,,,,,,,,
156,I,,,,,,SH2,,,,,,,,,,,,,,,,,,,
157,T,,,,,,SH2,,,,,,,,,,,,,,,,,,,
158,R,,,,,,SH2,,helix,,,,,,,,,,,,,,,,,
159,R,,,,,,SH2,,helix,,,,,,,,,,,,,,,,,
160,E,,,,,,SH2,,helix,,,,,,,,,,,,,,,,,
161,S,,,,,,SH2,,helix,,,,,,,,,,,,,,,,,
162,E,,,,,,SH2,,helix,,,,,,,,,,,,,,,,,
163,R,,,,,,SH2,,helix,,,,,,,,,,,,,,,,,
164,L,,,,,,SH2,,helix,,,,,,,,,,,,,,,,,
165,L,,,,,,SH2,,helix,,,,,,,,,,,,,,,,,
166,L,,,,,,SH2,,,,,,,,,,,,,,,,,,,
167,N,,,,,,SH2,,beta strand,,,,,,,,,,,,,,,,,
168,A,,,,,,SH2,,beta strand,,,,,,,,,,,,,,,,,
169,E,,,,,,SH2,,beta strand,,,,,,,,,,,,,,,,,
170,N,,,,,,SH2,,beta strand,,,,,,,,,,,,,,,,,
171,P,,,,,,SH2,,,,,,,,,,,,,,,,,,,
172,R,,,,,,SH2,,,,,,,,,,,,,,,,,,,
173,G,,,,,,SH2,,,,,,,,,,,,,,,,,,,
174,T,,,,,,SH2,,beta strand,,,,,,,,,,,,,,,,,
175,F,,,,,,SH2,,beta strand,,,,,,,,,,,,,,,,,
176,L,,,,,,SH2,,beta strand,,,,,,,,,,,,,,,,,
177,V,,,,,,SH2,,beta strand,,,,,,,,,,,,,,,,,
178,R,,,,,,SH2,,beta strand,,,,,,,,,,,,,,,,,
179,E,,,,,,SH2,,beta strand,,,,,,,,,,,,,,,,,
180,S,,,,,,SH2,,,,,,,,,,,,,,,,,,,
181,E,,,,,,SH2,,beta strand,,,,,,,,,,,,,,,,,
182,T,,,,,,SH2,,beta strand,,,,,,,,,,,,,,,P_0_4,,
183,T,,,,,,SH2,,beta strand,,,,,,,,,,,,,,,P_0_15,,
184,K,,,,,,SH2,,,,,,,,,,,,,,,,,,,
185,G,,,,,,SH2,,,,,,,,,,,,,,,,,,,
186,A,,,,,,SH2,,,,,,,,,,,,,,,,,,,
187,Y,,,,,,SH2,,beta strand,,,,,,,,,,,,,,P,P_0_59,,
188,C,,,,,,SH2,,beta strand,,,,,,,,,,,,,,,,,
189,L,,,,,,SH2,,beta strand,,,,,,,,,,,,,,,,,
190,S,,,,,,SH2,,beta strand,,,,,,,,,,,,,,,,,
191,V,,,,,,SH2,,beta strand,,,,,,,,,,,,,,,,,
192,S,,,,,,SH2,,beta strand,,,,,,,,,,,,,,,,,
193,D,,,,,,SH2,,beta strand,,,,,,,,,,,,,,,,,
194,F,,,,,,SH2,,beta strand,,,,,,,,,,,,,,,,,
195,D,,,,,,SH2,,beta strand,,,,,,,,,,,,,,,,,
196,N,,,,,,SH2,,turn,,,,,,,,,,,,,,,,,
197,A,,,,,,SH2,,turn,,,,,,,,,,,,,,,,,
198,K,,,,,,SH2,,turn,,,,,,,,,,,,,,,,,
199,G,,,,,,SH2,,beta strand,,,,,,,,,,,,,,,,,
200,L,,,,,,SH2,,beta strand,,,,,,,,,,,,,,,,,
201,N,,,,,,SH2,,beta strand,,,,,,,,,,,,,,,,,
202,V,,,,,,SH2,,beta strand,,,,,,,,,,,,,,,,,
203,K,,,,,,SH2,,beta strand,,,,,,,,,,,,,,,,,
204,H,,,,,,SH2,,beta strand,,,,,,,,,,,,,,,,,
205,Y,,,,,,SH2,,beta strand,,,,,,,,,,,,,,,,,
206,K,,,,,,SH2,,beta strand,,,,,,,,,,,,,,,,,
207,I,,,,,,SH2,,beta strand,,,,,,,,,,,,,,,,,
208,R,,,,,,SH2,,beta strand,,,,,,,,,,,,,,,,,
209,K,,,,,,SH2,,beta strand,,,,,,,,,,,,,,,,,
210,L,,,,,,SH2,,,,,,,,,,,,,,,,,,,
211,D,,,,,,SH2,,beta strand,,,,,,,,,,,,,,,,,
212,S,,,,,,SH2,,beta strand,,,,,,,,,,,,,,,,,
213,G,,,,,,SH2,,beta strand,,,,,,,,,,,,,,,,,
214,G,,,,,,SH2,,,,,,,,,,,,,,,,,,,
215,F,,,,,,SH2,,beta strand,,,,,,,,,,,,,,,,,
216,Y,,,,,,SH2,,beta strand,,,,,,,,,,,,,,P,P_7_24,,
217,I,,,,,,SH2,,beta strand,,,,,,,,,,,,,,,,,
218,T,,,,,,SH2,,beta strand,,,,,,,,,,,,,,,,,
219,S,,,,,,SH2,,,,,,,,,,,,,,,,,,,
220,R,,,,,,SH2,,,,,,,,,,,,,,,,,,,
221,T,,,,,,SH2,,beta strand,,,,,,,,,,,,,,,,,
222,Q,,,,,,SH2,,beta strand,,,,,,,,,,,,,,,,,
223,F,,,,,,SH2,,beta strand,,,,,,,,,,,,,,,,,
224,N,,,,,,SH2,,beta strand,,,,,,,,,,,,,,,,,
225,S,,,,,,SH2,,beta strand,,,,,,,,,,,,,,,,,
226,L,,,,,,SH2,,helix,,,,,,,,,,,,,,,,,
227,Q,,,,,,SH2,,helix,,,,,,,,,,,,,,,,,
228,Q,,,,,,SH2,,helix,,,,,,,,,,,,,,,,,
229,L,,,,,,SH2,,helix,,,,,,,,,,,,,,,,,
230,V,,,,,,SH2,,helix,,,,,,,,,,,,,,,,,
231,A,,,,,,SH2,,helix,,,,,,,,,,,,,,,,,
232,Y,,,,,,SH2,,helix,,,,,,,,,,,,,,,,,
233,Y,,,,,,SH2,,helix,,,,,,,,,,,,,,,,,
234,S,,,,,,SH2,,,,,,,,,,,,,,,,,,,
235,K,,,,,,SH2,,,,,,,,,,,,,,,,,,,
236,H,,,,,,SH2,,,,,,,,,,,,,,,,,,,
237,A,,,,,,SH2,,,,,,,,,,,,,,,,,,,
238,D,,,,,,SH2,,,,,,,,,,,,,,,,,,,
239,G,,,,,,SH2,,,,,,,,,,,,,,,,,,,
240,L,,,,,,SH2,,beta strand,,,,,,,,,,,,,,,,,
241,C,,,,,,SH2,,beta strand,,,,,,,,,,,,,,,,,
242,H,,,,,,SH2,,beta strand,,,,,,,,,,,,,,,,,
243,R,,,,,,SH2,,,,,,,,,,,,,,,,,,,
244,L,,,,,,SH2,,,,,,,,,,,,,,,,,,,
245,T,,,,,,SH2,,,,,,,,,,,,,,,,,,,
246,T,,,,,,SH2,,,,,,,,,,,,,,,,,p_0_1,,
247,V,,,,,,SH2,,,,,,,,,,,,,,,,,,,
248,C,,,,,,SH2,,,,,,,,,,,,,,,,,,,
249,P,,,,,,,,,,,,,,,,,,,,,,,,,
250,T,,,,,,,,,,,,,,,,,,,,,,,P_0_1,,
251,S,,,,,,,,,,,,,,,,,,,,,,,,,
252,K,,,,,,,,,,,,,,,,,,,,,,,,,
253,P,,,,,,,,,,,,,,,,,,,,,,,,,
254,Q,,,,,,,,,,,,,,,,,,,,,,,,,
255,T,,,,,,,,,,,,,,,,,,,,,,,,,
256,Q,,,,,,,,beta strand,,,,,,,,,,,,,,,,,
257,G,,,,,,,,beta strand,,,,,,,,,,,,,,,,,
258,L,,,,,,,,beta strand,,,,,,,,,,,,,,,,,
259,A,,,,,,,,beta strand,,,,,,,,,,,,,,,,,
260,K,,,,,,,,,,,,,,,,,,,,,,,,,
261,D,,,,,,,,,,,,,,,,,,,,,,,,,
262,A,,,,,,,,,,,,,,,,,,,,,,,,,
263,W,,,,,,,,,,,,,,,,,,,,,,,,,
264,E,,,,,,,,,,,,,,,,,,,,,,,,,
265,I,,,,,,,,,,,,,,,,,,,,,,,,,
266,P,,,,,,,,,,,,,,,,,,,,,,,,,
267,R,,,,,,,,helix,,,,,,,,,,,,,,,,,
268,E,TRUE,,,,,,,helix,,,,,,,,,,,,,,,,,
269,S,TRUE,,,,,,,helix,,,,,,,,,,,,,,,,,
270,L,TRUE,,,,,KD,N-lobe,beta strand,,,,,,,,,,,,,,,,,
271,R,TRUE,,,,,KD,N-lobe,beta strand,,,,,,,,,,,,,,,,,
272,L,TRUE,,,,,KD,N-lobe,beta strand,,,,,,,,,,,,,,,,,
273,E,TRUE,,,,,KD,N-lobe,beta strand,,,,,,,,,,,,,,,,,
274,V,TRUE,,,,,KD,N-lobe,beta strand,,,,,,,,,,,,,,,,,
275,K,TRUE,,,,,KD,N-lobe,beta strand,β1,,,,,,,,,,,,,,,,
276,L,TRUE,,,,,KD,N-lobe,beta strand,β1,,,,,,,,,ATP,,,,,,,
277,G,TRUE,,,,,KD,N-lobe,beta strand,β1,,,,,G-Loop,,,,ATP,,,,,,,
278,Q,TRUE,,,,,KD,N-lobe,beta strand,β1,,,,,G-Loop,,,,ATP,,,,,,,
279,G,TRUE,,,,,KD,N-lobe,,β1,,,,,G-Loop,,,,ATP,,,,,,,
280,C,TRUE,,,,,KD,N-lobe,beta strand,β1-β2 turn,,,,,G-Loop,,,,ATP,,,,,,,
281,F,TRUE,,,,,KD,N-lobe,beta strand,β1-β2 turn,,,,,G-Loop,,,,ATP,,,,,,,
282,G,TRUE,,,,,KD,N-lobe,beta strand,β1-β2 turn,,,,,G-Loop,,,,ATP,,,,,,,
283,E,TRUE,,,,,KD,N-lobe,beta strand,β2,,,,,,,,,ATP,,,,,,,
284,V,TRUE,,,,,KD,N-lobe,beta strand,β2,,,,TRUE,C-spine,,,,ATP,,,,,,,
285,W,TRUE,,,,,KD,N-lobe,beta strand,β2,,,,,,,,,ATP,,,,,,,
286,M,TRUE,,,,,KD,N-lobe,beta strand,β2,,,,,,,,,atp,,,,,,,
287,G,TRUE,,,,,KD,N-lobe,beta strand,β2,,,,,,,,,ATP,,,,,,,
288,T,TRUE,,,,,KD,N-lobe,beta strand,β2,,,,,,,,,atp,,,,,,,
289,W,TRUE,,,,,KD,N-lobe,beta strand,β2,,,,,,,SH3-linker-KD interface,,atp,,,,,,,
290,N,TRUE,,,,,KD,N-lobe,turn,β2-β3 turn,,,,,,,SH3-linker-KD interface,,atp,,,,,,,
291,G,TRUE,,,,,KD,N-lobe,turn,β2-β3 turn,,,,,,,SH3-linker-KD interface,,atp,,,,,,,
292,T,TRUE,,,,,KD,N-lobe,turn,β2-β3 turn,,,,,,,,,atp,,,,,,,
293,T,TRUE,,,,,KD,N-lobe,beta strand,β3,,,,,,,SH3-linker-KD interface,,atp,,,,,,,
294,R,TRUE,,,,,KD,N-lobe,beta strand,β3,,,,,,,,,atp,,,,,,,
295,V,TRUE,,,,,KD,N-lobe,beta strand,β3,,,,,,,,,ATP,,,,,,,
296,A,TRUE,,,,,KD,N-lobe,beta strand,β3,,,,TRUE,C-spine,,,,ATP,,,,,,,
297,I,TRUE,,,,,KD,N-lobe,beta strand,β3,,,,,,,,,ATP,,,,,,,
298,K,TRUE,,,,,KD,N-lobe,beta strand,β3,,,,,,"E313-K298 salt bridge, coordinates α and β P of ATP",,,ATP,,,,,,,
299,T,TRUE,,,,,KD,N-lobe,beta strand,β3,,,,,,,,,,,,,,,,
300,L,TRUE,,,,,KD,N-lobe,,β3,,,,,,stabilizes αC helix,,,,,,,,,,
301,K,TRUE,,,,,KD,N-lobe,,β3-αC loop,,,,,,,,,,,,,,,,
302,P,TRUE,,,,,KD,N-lobe,turn,β3-αC loop,,,,,,,,,,,,,,,,
303,G,TRUE,,,,,KD,N-lobe,turn,β3-αC loop,,,,,,,,,,,,,,,,
304,T,TRUE,,,,,KD,N-lobe,turn,β3-αC loop,,,,,,,,,,,,,,P_0_2,,
305,M,TRUE,,,,,KD,N-lobe,,β3-αC loop,,,,,,,,,,,,,,,,
306,S,TRUE,,,,,KD,N-lobe,,β3-αC loop,,,,,,,,,,,,,,P_0_2,,
307,P,TRUE,,,,,KD,N-lobe,helix,αC,,,,,,,,,,,,,,,,
308,E,TRUE,,,,,KD,N-lobe,helix,αC,,,,,,,,,,,,,,,,
309,A,TRUE,,,,,KD,N-lobe,helix,αC,,,,,,,,,,,,,,,,
310,F,TRUE,,,,,KD,N-lobe,helix,αC,,,,,,,,,,,,,,,,
311,L,TRUE,,,,,KD,N-lobe,helix,αC,,,,,,L311-I339 HF contact,,,,,,,,,,
312,Q,TRUE,,,,,KD,N-lobe,helix,αC,,,,,,,,,,,,,,,,
313,E,TRUE,,,,,KD,N-lobe,helix,αC,,,,,,"E313-K298 salt bridge in active conformation, E313-R412 salt bridge in inactive conformation",,,,,,,,,,
314,A,TRUE,,,,,KD,N-lobe,helix,αC,,,,,,,,,,,,,,,,
315,Q,TRUE,,,,,KD,N-lobe,helix,αC,,,,,,,,,,,,,,,,
316,V,TRUE,,,,,KD,N-lobe,helix,αC,,,,,,,,,,,,,,,,
317,M,TRUE,,,,,KD,N-lobe,helix,αC,,,TRUE,,R-spine,,,,,,,,,,,
318,K,TRUE,,,,,KD,N-lobe,helix,αC,,,,,,,,,,,,,,,,
319,K,TRUE,,,,,KD,N-lobe,helix,αC,,,,,,,,,,,,,,,,
320,L,TRUE,,,,,KD,N-lobe,,αC-β4 loop,,,,,,,,,,,,,,,,
321,R,TRUE,TRUE,,,,KD,N-lobe,,αC-β4 loop,,,,,,,,,,,,,,,,
322,H,TRUE,TRUE,,,,KD,N-lobe,,αC-β4 loop,,,,,,,,,,,,,,,,
323,E,TRUE,TRUE,,,,KD,N-lobe,,αC-β4 loop,,,,,,,,,,,,,,,,
324,K,TRUE,TRUE,,,,KD,N-lobe,,αC-β4 loop,,,,,,,,,,,,,,,,
325,L,TRUE,TRUE,,,,KD,N-lobe,,αC-β4 loop,,,,,,L325-Y379 HF contact,SH2-KD interface,,,,,,,,,
326,V,TRUE,TRUE,,,,KD,N-lobe,,αC-β4 loop,,,,,R-shell,,,,,,,,,,,
327,Q,,TRUE,,,,KD,N-lobe,,αC-β4 loop,,,,,,,,,,,,,,,,
328,L,,TRUE,,,,KD,N-lobe,beta strand,β4,,,TRUE,,R-spine,,,,,,,,,,,
329,Y,,TRUE,,,,KD,N-lobe,beta strand,β4,,,,,,,,,,,,,,,,
330,A,,TRUE,,,,KD,N-lobe,beta strand,β4,,,,,,,SH3-linker-KD interface,,,,,,,,,
331,V,,TRUE,,,,KD,N-lobe,beta strand,β4,,,,,,,,,,,,,,,,
332,V,,TRUE,,,,KD,N-lobe,beta strand,β4,,,,,,,,,,,,,,,,
333,S,,TRUE,,,,KD,N-lobe,,β4-β5 loop,,,,,,,,,,,,,,,,
334,E,,TRUE,,,,KD,N-lobe,beta strand,β4-β5 loop,,,,,,,,,,,,,,,,
335,E,,TRUE,,,,KD,N-lobe,beta strand,β4-β5 loop,,,,,,,,,,,,,,,,
336,P,,TRUE,,,,KD,N-lobe,beta strand,β4-β5 loop,,,,,,,,,,,,,,,,
337,I,,TRUE,,,,KD,N-lobe,,β4-β5 loop,,,,,,,,,,,,,,,,
338,Y,,TRUE,,,,KD,N-lobe,beta strand,β5,,,,,,,,,,,,,,P_1_2,,
339,I,,TRUE,,,,KD,N-lobe,beta strand,β5,,,,,R-shell,,,,,,,,,,,
340,V,,TRUE,,,,KD,N-lobe,beta strand,β5,,,,,,,,,,,,,,,,
341,T,,TRUE,,,,KD,N-lobe,beta strand,β5,,,,,R-shell,,,,,,,,,,,
342,E,,TRUE,,,,KD,hinge region,,β5,,,,,hinge region,,,,,,,,,,,
343,Y,,TRUE,,,,KD,hinge region,,β5-αD loop,,,,,hinge region,,,,,,,,,,,
344,M,,TRUE,,,,KD,hinge region,,β5-αD loop,,,,,hinge region,,,,,,,,,,,
345,S,,TRUE,,,,KD,hinge region,beta strand,β5-αD loop,,,,,hinge region,,,,,,,,,,,
346,K,,TRUE,,,,KD,hinge region,beta strand,β5-αD loop,,,,,hinge region,,,,,,,,,,,
347,G,,TRUE,,,,KD,C-lobe,beta strand,β5-αD loop,,,,,,,,,,,,,,,,
348,S,,TRUE,,,,KD,C-lobe,beta strand,β5-αD loop,,,,,,,,,,,,,,,,
349,L,,TRUE,,,,KD,C-lobe,helix,αD,,,,,,,,,,,,,,,,
350,L,,TRUE,,,,KD,C-lobe,helix,αD,,,,,,,,,,,,,,,,
351,D,,TRUE,,,,KD,C-lobe,helix,αD,,,,,,,,,,,,,,,,
352,F,,TRUE,,,,KD,C-lobe,helix,αD,,,,,,,,,,,,,,,,
353,L,,TRUE,,,,KD,C-lobe,helix,αD,,,,,,,,,,,,,,,,
354,K,,TRUE,,,,KD,C-lobe,,αD-αE loop,,,,TRUE,C-spine,,,,,,,,,,,
355,G,,TRUE,,,,KD,C-lobe,helix,αD-αE loop,,,,,,,,,,,,,,,,
356,E,,TRUE,,,,KD,C-lobe,helix,αD-αE loop,,,,,,,,,,,,,,,,
357,T,,TRUE,,,,KD,C-lobe,helix,αD-αE loop,,,,,,,,,,,,,,,,
358,G,,TRUE,,,,KD,C-lobe,helix,αD-αE loop,,,,,,,,,,,,,,,,
359,K,,TRUE,,,,KD,C-lobe,,αD-αE loop,,,,,,,,,,,,,,,,
360,Y,,TRUE,,,,KD,C-lobe,,αD-αE loop,,,,,,,,,,,,,,,,
361,L,,TRUE,,,,KD,C-lobe,,αD-αE loop,,,,,,,,,,,,,,,,
362,R,,TRUE,,,,KD,C-lobe,,αD-αE loop,,,,,,,,,,,,,,,,
363,L,,TRUE,,,,KD,C-lobe,helix,αE,,,,,,,,,,,,,,,,
364,P,,TRUE,,,,KD,C-lobe,helix,αE,,,,,,,,,,,,,,,,
365,Q,,TRUE,,,,KD,C-lobe,helix,αE,,,,,,,,,,,,,,,,
366,L,,TRUE,,,,KD,C-lobe,helix,αE,,,,,,,,,,,,,,,,
367,V,,TRUE,,,,KD,C-lobe,helix,αE,,,,,,,,,,,,,,,,
368,D,,TRUE,,,,KD,C-lobe,helix,αE,,,,,,,SH2-KD interface,,,,,,,,,
369,M,,TRUE,,,,KD,C-lobe,helix,αE,,,,,,,,,,,,,,,,
370,A,,TRUE,,,,KD,C-lobe,helix,αE,,,,,,,,,,,,,,,,
371,A,,TRUE,,,,KD,C-lobe,helix,αE,,,,,,,,,,,,,,,,
372,Q,,TRUE,,,,KD,C-lobe,helix,αE,,,,,,,,,,,,,,,,
373,I,,TRUE,,,,KD,C-lobe,helix,αE,,,,,,,,,,,,,,,,
374,A,,TRUE,,,,KD,C-lobe,helix,αE,,,,,,,,,,,,,,,,
375,S,,TRUE,,,,KD,C-lobe,helix,αE,,,,,,,SH2-KD interface,,,,,,,,,
376,G,,TRUE,TRUE,,,KD,C-lobe,helix,αE,,,,,,,,,,,,,,,,
377,M,,TRUE,TRUE,,,KD,C-lobe,helix,αE,,,,,,,,,,,,,,,,
378,A,,TRUE,TRUE,,,KD,C-lobe,helix,αE,,,,,,,αF pocket,,,,,,,,,
379,Y,,TRUE,TRUE,,,KD,C-lobe,helix,αE,,,,,,,,,,,,,,,,
380,V,,TRUE,TRUE,,,KD,C-lobe,helix,αE,,,,,,,,,,,,,,,,
381,E,,TRUE,TRUE,,,KD,C-lobe,helix,αE,,,,,,,αF pocket,,,,,,,,,
382,R,,,TRUE,,,KD,C-lobe,helix,αE-β7 loop,,,,,,,,,,,,,,,,
383,M,,,TRUE,,,KD,C-lobe,,αE-β7 loop,,,,,,,,,,,,,,,,
384,N,,,TRUE,,,KD,C-lobe,,αE-β7 loop,,,,,,,,,,,,,,,,
385,Y,,,TRUE,,,KD,C-lobe,,αE-β7 loop,,,,,,Y385-L413 HF contact,,CatLoop,,,,,,,,
386,V,,,TRUE,,,KD,C-lobe,,αE-β7 loop,,,,,,,,CatLoop,,,,,,,,
387,H,,,TRUE,,,KD,C-lobe,,αE-β7 loop,,,TRUE,,R-spine,,,CatLoop HRD,,,,,,,,
388,R,,,TRUE,,,KD,C-lobe,,αE-β7 loop,,,,,,R388-pY419 CatLoop-ActivationSegment hydrogen bond,,CatLoop HRD,,,,,,,,
389,D,,,TRUE,,,KD,C-lobe,,αE-β7 loop,,,,,,,,CatLoop HRD - proton acceptor,,,,,,,,
390,L,,,TRUE,,,KD,C-lobe,,αE-β7 loop,,,,,,,,CatLoop,,,,,,,,
391,R,,,TRUE,,,KD,C-lobe,,αE-β7 loop,,,,,,R391-N394 intracatalytic loop hydrogen bond,,CatLoop,,,,,,,,
392,A,,,TRUE,,,KD,C-lobe,helix,β7 prehelix,,,,,,,,CatLoop,,,,,,,,
393,A,,,TRUE,,,KD,C-lobe,helix,β7 prehelix,,,,,,,,CatLoop,,,,,,,,
394,N,,,TRUE,,,KD,C-lobe,helix,β7 prehelix,,,,,,N394–D407 CatLoop-ActivationSegment hydrogen bond,,CatLoop,,,,,,,,
395,I,,,TRUE,,,KD,C-lobe,beta strand,β7,,,,TRUE,C-spine,,,CatLoop,,,,,,,,
396,L,,,TRUE,,,KD,C-lobe,beta strand,β7,,,,TRUE,C-spine,,,CatLoop,,,,,,,,
397,V,,,TRUE,,,KD,C-lobe,beta strand,β7,,,,TRUE,C-spine,,,CatLoop,,,,,,,,
398,G,,,TRUE,,,KD,C-lobe,beta strand,β7,,,,,,,,,,,,,,,,
399,E,,,TRUE,,,KD,C-lobe,turn,β7-β8 turn,,,,,,,,,,,,,,,,
400,N,,,TRUE,,,KD,C-lobe,turn,β7-β8 turn,,,,,,,,,,,,,,,,
401,L,,,TRUE,,,KD,C-lobe,turn,β7-β8 turn,,,,,,,,,,,,,,,,
402,V,,,TRUE,,,KD,C-lobe,beta strand,β8,,,,,,,,,,,,,,,,
403,C,,,TRUE,,,KD,C-lobe,beta strand,β8,,,,,,,,,,,,,,,,
404,K,,,TRUE,,,KD,C-lobe,beta strand,β8,,,,,,,,,,,,,,,,
405,V,,,TRUE,,,KD,C-lobe,beta strand,β8,,,,,,,,,,,,,,,,
406,A,,,TRUE,,,KD,C-lobe,,DFG motif loop,loop,loop,,,,,,,,,,,,,,
407,D,,,TRUE,,,KD,C-lobe,,DFG motif loop,loop,loop,,,,N394–D407 CatLoop-ActivationSegment hydrogen bond,,ActivationSegment DFG,Mg2+ positioning loop,,,,,,,
408,F,,,TRUE,,,KD,C-lobe,,DFG motif loop,loop,loop,TRUE,,R-spine,,,ActivationSegment DFG,Mg2+ positioning loop,,,,,,,
409,G,,,TRUE,,,KD,C-lobe,,DFG motif loop,loop,loop,,,,,,ActivationSegment DFG,Mg2+ positioning loop,,,,,,,
410,L,,,TRUE,,,KD,C-lobe,helix,DFG motif loop,helix,loop,,,,,,ActivationSegment,Mg2+ positioning loop,,,,,,,
411,A,,,TRUE,,,KD,C-lobe,helix,DFG motif loop,helix,loop,,,,,,ActivationSegment,Mg2+ positioning loop,,,,,,,
412,R,,,TRUE,,,KD,C-lobe,helix,activation loop,helix,beta strand,,,,E313-R412 salt bridge in inactive conformation,,ActivationSegment,,,,,,,,
413,L,,,TRUE,,,KD,C-lobe,helix,activation loop,helix,beta strand,,,,,,ActivationSegment,,,,,,,,
414,I,,,TRUE,,,KD,C-lobe,,activation loop,loop,loop,,,,,,ActivationSegment,,,,,,,,
415,E,,,TRUE,,,KD,C-lobe,,activation loop,loop,loop,,,,,,ActivationSegment,,,,,,,,
416,D,,,TRUE,,,KD,C-lobe,,activation loop,loop,loop,,,,,,ActivationSegment,,,,,,,,
417,N,,,TRUE,,,KD,C-lobe,helix,activation loop,helix,loop,,,,,,ActivationSegment,,,,,,,,
418,E,,,TRUE,,,KD,C-lobe,helix,activation loop,helix,loop,,,,,,ActivationSegment,,,,,,,,
419,Y,,,TRUE,,,KD,C-lobe,helix,activation loop,helix,beta strand,,,,R388-pY419 CatLoop-ActivationSegment hydrogen bond,,ActivationSegment,,,,,"P, activating",P_357_3131,"Y419F, inactive",
420,T,,,TRUE,,,KD,C-lobe,helix,activation loop,helix,beta strand,,,,,,ActivationSegment,,,,,,P_0_24,,
421,A,,,TRUE,,,KD,C-lobe,,activation loop,helix,loop,,,,,,ActivationSegment,,,,,,,,
422,R,,,TRUE,,,KD,C-lobe,,activation loop,loop,loop,,,,,,ActivationSegment,,,,,,,,
423,Q,,,TRUE,,,KD,C-lobe,turn,activation loop,loop,loop,,,,,,ActivationSegment,,,,,,,,
424,G,,,TRUE,,,KD,C-lobe,turn,activation loop,loop,loop,,,,,,ActivationSegment,,,,,,,,
425,A,,,TRUE,,,KD,C-lobe,turn,activation loop,loop,loop,,,,,,ActivationSegment,,,,,,,,
426,K,,,TRUE,,,KD,C-lobe,turn,activation loop,loop,loop,,,,,,ActivationSegment,,,,,,ac_1_2,,
427,F,,,TRUE,,,KD,C-lobe,,activation loop,loop,loop,,,,,,ActivationSegment,protein_substrate_positioningLoop,,,,,,,
428,P,,,TRUE,,,KD,C-lobe,,activation loop,loop,messed-up helix beta strand thingy,,,,,,ActivationSegment,protein_substrate_positioningLoop,,,,,,,
429,I,,,TRUE,,,KD,C-lobe,helix,αEF,helix,messed-up helix beta strand thingy,,,,,,ActivationSegment,protein_substrate_positioningLoop,,,,,,,
430,K,,,TRUE,,,KD,C-lobe,helix,αEF,helix,messed-up helix beta strand thingy,,,,,,ActivationSegment,protein_substrate_positioningLoop,,,,,ac_1_1,,
431,W,,,TRUE,TRUE,,KD,C-lobe,helix,αEF,helix,messed-up helix beta strand thingy,,,,,,ActivationSegment,protein_substrate_positioningLoop,,,,,,,
432,T,,,TRUE,TRUE,,KD,C-lobe,,αEF,loop,messed-up helix beta strand thingy,,,,,,ActivationSegment,protein_substrate_positioningLoop,,,,,,,
433,A,,,TRUE,TRUE,,KD,C-lobe,,αEF,loop,messed-up helix beta strand thingy,,,,,,ActivationSegment,protein_substrate_positioningLoop,,,,,,,
434,P,,,TRUE,TRUE,,KD,C-lobe,helix,αEF,helix,helix,,,,,,ActivationSegment,protein_substrate_positioningLoop,,,,,,,
435,E,,,TRUE,TRUE,,KD,C-lobe,helix,αEF,helix,helix,,,,E435–R509 APE-E and αH-αI loop salt bridge,,ActivationSegment,protein_substrate_positioningLoop,,,,,,,
436,A,,,,TRUE,,KD,C-lobe,helix,αEF,helix,helix,,,,,,,,,,,,,,
437,A,,,,TRUE,,KD,C-lobe,helix,αEF,helix,helix,,,,,,,,,,,,,,
438,L,,,,TRUE,,KD,C-lobe,helix,αEF,helix,helix,,,,,,,,,,,,,,
439,Y,,,,TRUE,,KD,C-lobe,helix,αEF-αF loop,helix,helix,,,,,,,,,,,,P_1_544,,
440,G,,,,TRUE,,KD,C-lobe,,αEF-αF loop,loop,beta strand,,,,,,,,,,,,,,
441,R,,,,TRUE,,KD,C-lobe,,αEF-αF loop,loop,beta strand,,,,,,,,,,,,,,
442,F,,,,TRUE,,KD,C-lobe,,αEF-αF loop,loop,beta strand,,,,,,,,,,,,,,
443,T,,,,TRUE,,KD,C-lobe,,αEF-αF loop,loop,beta strand,,,,,αF pocket,,,,,,,,,
444,I,,,,TRUE,,KD,C-lobe,helix,αF,,,,,,,αF pocket,,,,,,,,,
445,K,,,,TRUE,,KD,C-lobe,helix,αF,,,,,,,,,,,,,,,,
446,S,,,,TRUE,,KD,C-lobe,helix,αF,,,,,,,,,,,,,,,,
447,D,,,,TRUE,,KD,C-lobe,helix,αF,,,,,,,,,,,,,,,,
448,V,,,,TRUE,,KD,C-lobe,helix,αF,,,,,,,,,,,,,,,,
449,W,,,,TRUE,,KD,C-lobe,helix,αF,,,,,,,,,,,,,,,,
450,S,,,,TRUE,,KD,C-lobe,helix,αF,,,,,,,,,,,,,,,,
451,F,,,,TRUE,,KD,C-lobe,helix,αF,,,,,,,,,,,,,,,,
452,G,,,,TRUE,,KD,C-lobe,helix,αF,,,,,,,,,,,,,,,,
453,I,,,,TRUE,,KD,C-lobe,helix,αF,,,,,,,,,,,,,,,,
454,L,,,,TRUE,,KD,C-lobe,helix,αF,,,,TRUE,C-spine,,,,,,,,,,,
455,L,,,,TRUE,,KD,C-lobe,helix,αF,,,,,,,,,,,,,,,,
456,T,,,,TRUE,,KD,C-lobe,helix,αF,,,,,,,,,,,,,,,,
457,E,,,,TRUE,,KD,C-lobe,helix,αF,,,,,,,,,,,,,,,,
458,L,,,,TRUE,,KD,C-lobe,helix,αF,,,,TRUE,C-spine,,,,,,,,,,,
459,T,,,,TRUE,,KD,C-lobe,helix,αF-αG loop,,,,,,,,,,,,,,,,
460,T,,,,TRUE,,KD,C-lobe,turn,αF-αG loop,,,,,,,,,,,,,,,,
461,K,,,,TRUE,,KD,C-lobe,turn,αF-αG loop,,,,,,,,,,,,,,,,
462,G,,,,TRUE,,KD,C-lobe,turn,αF-αG loop,,,,,,,,,,,,,,,,
463,R,,,,TRUE,,KD,C-lobe,,αF-αG loop,,,,,,,,,,,,,,,,
464,V,,,,TRUE,,KD,C-lobe,,αF-αG loop,,,,,,,,,,,,,,,,
465,P,,,,TRUE,,KD,C-lobe,,αF-αG loop,,,,,,,,,,,,,,,,
466,Y,,,,TRUE,,KD,C-lobe,,αF-αG loop,,,,,,,,,,,,,,,,
467,P,,,,TRUE,,KD,C-lobe,,αF-αG loop,,,,,,,,,,,,,,,,
468,G,,,,TRUE,,KD,C-lobe,,αF-αG loop,,,,,,,,,,,,,,,,
469,M,,,,TRUE,,KD,C-lobe,,αF-αG loop,,,,,,,,,,,,,,,,
470,V,,,,TRUE,,KD,C-lobe,,αG,,,,,,,,,,,,,,,,
471,N,,,,TRUE,,KD,C-lobe,helix,αG,,,,,,,,,,,,,,,,
472,R,,,,TRUE,,KD,C-lobe,helix,αG,,,,,,,,,,,,,,,,
473,E,,,,TRUE,,KD,C-lobe,helix,αG,,,,,,,,,,,,,,,,
474,V,,,,TRUE,,KD,C-lobe,helix,αG,,,,,,,,,,,,,,,,
475,L,,,,TRUE,,KD,C-lobe,helix,αG,,,,,,,,,,,,,,,,
476,D,,,,TRUE,,KD,C-lobe,helix,αG,,,,,,,,,,,,,,,,
477,Q,,,,TRUE,,KD,C-lobe,helix,αG,,,,,,,,,,,,,,,,
478,V,,,,TRUE,,KD,C-lobe,helix,αG,,,,,,,,,,,,,,,,
479,E,,,,TRUE,,KD,C-lobe,helix,αG,,,,,,,,,,,,,,,,
480,R,,,,TRUE,,KD,C-lobe,,αG-αH loop,,,,,,,,,,,,,,,,
481,G,,,,TRUE,,KD,C-lobe,,αG-αH loop,,,,,,,,,,,,,,,,
482,Y,,,,TRUE,,KD,C-lobe,,αG-αH loop,,,,,,,,,,,,,,,,
483,R,,,,TRUE,,KD,C-lobe,,αG-αH loop,,,,,,,,,,,,,,,,
484,M,,,,TRUE,,KD,C-lobe,,αG-αH loop,,,,,,,,,,,,,,,,
485,P,,,,TRUE,,KD,C-lobe,,αG-αH loop,,,,,,,,,,,,,,,,
486,C,,,,TRUE,TRUE,KD,C-lobe,,αG-αH loop,,,,,,,,,,,,,,,,
487,P,,,,TRUE,TRUE,KD,C-lobe,,αG-αH loop,,,,,,,,,,,,,,,,
488,P,,,,TRUE,TRUE,KD,C-lobe,,αG-αH loop,,,,,,,,,,,,,,,,
489,E,,,,TRUE,TRUE,KD,C-lobe,,αG-αH loop,,,,,,,,,,,,,,,,
490,C,,,,TRUE,TRUE,KD,C-lobe,,αH,,,,,,,,,,,,,,,,
491,P,,,,TRUE,TRUE,KD,C-lobe,,αH,,,,,,,,,,,,,,,,
492,E,,,,,TRUE,KD,C-lobe,helix,αH,,,,,,,,,,,,,,,,
493,S,,,,,TRUE,KD,C-lobe,helix,αH,,,,,,,,,,,,,,P_1_0,,
494,L,,,,,TRUE,KD,C-lobe,helix,αH,,,,,,,,,,,,,,,,
495,H,,,,,TRUE,KD,C-lobe,helix,αH,,,,,,,,,,,,,,,,
496,D,,,,,TRUE,KD,C-lobe,helix,αH,,,,,,,,,,,,,,,,
497,L,,,,,TRUE,KD,C-lobe,helix,αH,,,,,,,,,,,,,,,,
498,M,,,,,TRUE,KD,C-lobe,helix,αH,,,,,,,,,,,,,,,,
499,C,,,,,TRUE,KD,C-lobe,helix,αH,,,,,,,,,,,,,,,,
500,Q,,,,,TRUE,KD,C-lobe,helix,αH,,,,,,,,,,,,,,,,
501,C,,,,,TRUE,KD,C-lobe,helix,αH,,,,,,,,,,,,,,,,
502,W,,,,,TRUE,KD,C-lobe,,αH-αI loop,,,,,,,,,,,,,,,,
503,R,,,,,TRUE,KD,C-lobe,,αH-αI loop,,,,,,,,,,,,,,,,
504,K,,,,,TRUE,KD,C-lobe,,αH-αI loop,,,,,,,,,,,,,,,,
505,E,,,,,TRUE,KD,C-lobe,,αH-αI loop,,,,,,,,,,,,,,,,
506,P,,,,,TRUE,KD,C-lobe,helix,αH-αI loop,,,,,,,αF pocket,,,,,,,,,
507,E,,,,,TRUE,KD,C-lobe,helix,αH-αI loop,,,,,,,,,,,,,,,,
508,E,,,,,TRUE,KD,C-lobe,helix,αH-αI loop,,,,,,,αF pocket,,,,,,,,,
509,R,,,,,TRUE,KD,C-lobe,,αH-αI loop,,,,,,,,,,,,,,,,
510,P,,,,,TRUE,KD,C-lobe,,αH-αI loop,,,,,,,,,,,,,,,,
511,T,,,,,TRUE,KD,C-lobe,,αH-αI loop,,,,,,,αF pocket,,,,,,,,,
512,F,,,,,TRUE,KD,C-lobe,helix,αI,,,,,,,αF pocket,,,,,,,,,
513,E,,,,,TRUE,KD,C-lobe,helix,αI,,,,,,,,,,,,,,,,
514,Y,,,,,TRUE,KD,C-lobe,helix,αI,,,,,,,,,,,,,,,,
515,L,,,,,TRUE,KD,C-lobe,helix,αI,,,,,,,,,,,,,,,,
516,Q,,,,,TRUE,KD,C-lobe,helix,αI,,,,,,,,,,,,,,,,
517,A,,,,,TRUE,KD,C-lobe,helix,αI,,,,,,,,,,,,,,,,
518,F,,,,,TRUE,KD,C-lobe,helix,αI,,,,,,,,,,,,,,,,
519,L,,,,,TRUE,KD,C-lobe,helix,αI,,,,,,,,,,,,,,,,
520,E,,,,,TRUE,KD,C-lobe,helix,αI,,,,,,,,,,,,,,,,
521,D,,,,,TRUE,KD,C-lobe,turn,αI,,,,,,,,,,,,,,,,
522,Y,,,,,TRUE,KD,C-lobe,turn,C-terminal tail,,,,,,,,,,,,,,P_8_0,,
523,F,,,,,TRUE,KD,C-lobe,turn,C-terminal tail,,,,,,,,,,,,,,,,
524,T,,,,,TRUE,,,,C-terminal tail,,,,,,,,,,,,,,,,
525,S,,,,,TRUE,,,,C-terminal tail,,,,,,,,,,,,,,P_0_1,,
526,T,,,,,TRUE,,,,C-terminal tail,,,,,,,,,,,,,,P_0_2,,
527,E,,,,,TRUE,,,,C-terminal tail,,,,,,,,,,,,,,,"E527K, hyperactivating, defective megakaryopoiesis",
528,P,,,,,TRUE,,,,C-terminal tail,,,,,,,,,,,,,,,,
529,Q,,,,,TRUE,,,,C-terminal tail,,,,,,,,,,,,,,,,
530,Y,,,,,TRUE,,,,C-terminal tail,,,,,,,,,,,,,"P, inhibitory",P_129_988,,
531,Q,,,,,TRUE,,,,C-terminal tail,,,,,,,,,,,,,,,,
532,P,,,,,TRUE,,,,C-terminal tail,,,,,,,,,,,,,,,,
533,G,,,,,TRUE,disorder,,,C-terminal tail,,,,,,,,,,,,,,,,
534,E,,,,,TRUE,disorder,,,C-terminal tail,,,,,,,,,,,,,,,,
535,N,,,,,TRUE,disorder,,,C-terminal tail,,,,,,,,,,,,,,,,
536,L,,,,,TRUE,disorder,,,C-terminal tail,,,,,,,,,,,,,,,,